Workbook

Sheet WTT
A1: Location | B1: Business | C1: Section | D1: Sr_No | E1: Dept_Machine_Name | F1: Designation | G1: Machine_Count | H1: Workload | I1: Formulas | J1: HO_Scientific_Manpower | K1: Operator_Type | L1: Contractors | M1: Company_Associate | N1: HO_Final_Manpower | O1: General_Shift | P1: Shift_A | Q1: Shift_B | R1: Shift_C | S1: Reliever | T1: Remarks
A2: Vapi | B2: WTT | C2: Weaving Preparatory | D2: 1 | E2: Direct Warping | F2: Warper | G2: 4 | H2: 1 Machine / Warper | I2: 4*3 | J2: 12 | N2: 12 | O2: 0 | P2: 4 | Q2: 4 | R2: 4 | S2: 0
A3: Vapi | B3: WTT | C3: Weaving Preparatory | D3: 2 | E3: Direct Warping | F3: Creel Boy | G3: 4 | H3: 1 Machine / Creel Boy | I3: 4*3 | J3: 12 | N3: 12 | O3: 0 | P3: 4 | Q3: 4 | R3: 4 | S3: 0
A4: Vapi | B4: WTT | C4: Weaving Preparatory | D4: 3 | E4: Section Warping | F4: Warper | G4: 5 | H4: 1 Machine / Warper | I4: 5*3 | J4: 15 | N4: 15 | O4: 0 | P4: 5 | Q4: 5 | R4: 5 | S4: 0
A5: Vapi | B5: WTT | C5: Weaving Preparatory | D5: 4 | E5: Section Warping | F5: Creel Boy | G5: 5 | H5: 1 Machine / Creel Boy | I5: 5*3 | J5: 15 | N5: 15 | O5: 0 | P5: 5 | Q5: 5 | R5: 5 | S5: 0
A6: Vapi | B6: WTT | C6: Weaving Preparatory | D6: 5 | E6: Sizing | F6: Sizer | G6: 4 | H6: 1 Machine / Operator | I6: 4*3 | J6: 12 | N6: 12 | O6: 0 | P6: 4 | Q6: 4 | R6: 4 | S6: 0
A7: Vapi | B7: WTT | C7: Weaving Preparatory | D7: 6 | E7: Sizing | F7: Back Sizer | G7: 4 | H7: 1 Machine / Back Sizer | I7: 4*3 | J7: 12 | N7: 12 | O7: 0 | P7: 4 | Q7: 4 | R7: 4 | S7: 0
A8: Vapi | B8: WTT | C8: Weaving Preparatory | D8: 7 | E8: Sizing | F8: Mixing Man | H8: 1 Operator / Shift | I8: 1*3 | J8: 3 | N8: 3 | O8: 0 | P8: 1 | Q8: 1 | R8: 1 | S8: 0
A9: Vapi | B9: WTT | C9: Weaving Preparatory | D9: 8 | E9: Winding (30 Drum) | F9: Winding Opt | G9: 1 | H9: 13 Drum / Operator (50 Drums) | I9: (50/13)*3 | J9: =ROUNDUP(11.53846154,0) -> 12 | N9: 12 | O9: 0 | P9: 4 | Q9: 4 | R9: 4 | S9: 0 | T9: Req. 11.53, given 12
A10: Vapi | B10: WTT | C10: Weaving Preparatory | D10: 9 | E10: Sample Winding | F10: Winding Opt | G10: 1 | H10: 1 Operator / Shift | I10: 1*3 | J10: 3 | N10: 3 | O10: 0 | P10: 1 | Q10: 1 | R10: 1 | S10: 0
A11: Vapi | B11: WTT | C11: Weaving Preparatory | D11: 10 | E11: Winding (30 Drum) | F11: Beam Carrier | H11: 03 Operator / Shift | I11: 3*3 | J11: 9 | N11: 9 | O11: 0 | P11: 3 | Q11: 3 | R11: 3 | S11: 0
A12: Vapi | B12: WTT | C12: Weaving Preparatory | D12: 11 | E12: Winding (30 Drum) | F12: Preventive Fitter | H12: 06 Fitter in General Shift | I12: 6*1 | J12: 6 | N12: 6 | O12: 6 | P12: 0 | Q12: 0 | R12: 0 | S12: 0
A13: Vapi | B13: WTT | C13: Weaving Preparatory | D13: 12 | E13: Winding (30 Drum) | F13: Shift Fitter | H13: 01 Fitter / Shift | I13: 1*3 | J13: 3 | N13: 3 | O13: 0 | P13: 1 | Q13: 1 | R13: 1 | S13: 0
A14: Vapi | B14: WTT | C14: Weaving Preparatory | D14: 13 | E14: Winding (30 Drum) | F14: MIS Coordinator | H14: 1 Operator / Shift | I14: 1*3 | J14: 3 | N14: 3 | O14: 0 | P14: 1 | Q14: 1 | R14: 1 | S14: 0
A15: Vapi | B15: WTT | C15: Weaving Preparatory | D15: 14 | E15: Winding (30 Drum) | F15: Housekeeping | H15: 1 Operator / Shift | I15: 1*3 | J15: 3 | N15: 3 | O15: 0 | P15: 1 | Q15: 1 | R15: 1 | S15: 0
A16: Vapi | B16: WTT | C16: Weaving Preparatory | D16: 15 | E16: New Sample Section Warping | F16: Warper | G16: 1 | H16: 1 Operator / Shift | I16: 1*3 | J16: 3 | N16: 3 | O16: 0 | P16: 1 | Q16: 1 | R16: 1 | S16: 0
A17: Vapi | B17: WTT | C17: Weaving Preparatory | D17: 16 | E17: New Sample Section Warping | F17: Creel Boy | H17: 1 Machine / Creel Boy | I17: 1*3 | J17: 3 | N17: 3 | O17: 0 | P17: 1 | Q17: 1 | R17: 1 | S17: 0
A18: Vapi | B18: WTT | C18: Weaving Preparatory | D18: 17 | E18: New Sample Section Warping | F18: Creel Boy (Material Handler) | H18: 1 Machine / Creel Boy | I18: 1*1 | J18: 1 | N18: 1 | O18: 0 | P18: 1 | Q18: 0 | R18: 0 | S18: 0
A19: Vapi | B19: WTT | C19: Loom Shed | D19: 1 | E19: Dobby&Jaquard | F19: Weaver | G19: 181 | H19: 6 Looms / Operator | I19: (181/6)*3 | J19: 90.5 | K19: Direct | N19: ='Weaving Back-Up'!F6 -> 93 | O19: 0 | P19: 31 | Q19: 31 | R19: 31 | S19: 0
A20: Vapi | B20: WTT | C20: Loom Shed | D20: 2 | E20: Dobby&Jaquard | F20: Weaver - Lunch Reliver | H20: 5 Weavers / Reliever | I20: (93/5) | J20: 18.6 | K20: Indirect | N20: ='Weaving Back-Up'!F10+3 -> 27 | O20: 0 | P20: 9 | Q20: 9 | R20: 9 | S20: 0
A21: Vapi | B21: WTT | C21: Loom Shed | D21: 3 | E21: Dobby&Jaquard | F21: Knotter | H21: 135 Knotting/Day (5Kn/Op) | I21: (45/5)*3 | J21: 27 | K21: Indirect | N21: 30 | O21: 0 | P21: 10 | Q21: 10 | R21: 10 | S21: 0 | T21: Req. 27, given 30
A22: Vapi | B22: WTT | C22: Loom Shed | D22: 4 | E22: Dobby&Jaquard | F22: Beam Loader | H22: 34 Machine / Operator | I22: (181/34)*3 | J22: 15.97 | K22: Direct | N22: 15 | O22: 0 | P22: 5 | Q22: 5 | R22: 5 | S22: 0
A23: Vapi | B23: WTT | C23: Loom Shed | D23: 5 | E23: Dobby&Jaquard | F23: Weft Boy | H23: 45 Machine / Operator | I23: (181/45)*3 | J23: 12.07 | K23: Direct | N23: 12 | O23: 0 | P23: 4 | Q23: 4 | R23: 4 | S23: 0
A24: Vapi | B24: WTT | C24: Loom Shed | D24: 6 | E24: Dobby&Jaquard | F24: Roll Doffer | H24: 42 Machine / Operator | I24: (181/42)*3 | J24: 12.93 | K24: Direct | N24: 16 | O24: 1 | P24: 5 | Q24: 5 | R24: 5 | S24: 0
A25: Vapi | B25: WTT | C25: Loom Shed | D25: 7 | E25: Dobby&Jaquard | F25: Dobby & Jacquard - Pile Ratio Checker | H25: 2 Operator / Shift | I25: 2*3 | J25: 6 | K25: Indirect | N25: 6 | O25: 0 | P25: 2 | Q25: 2 | R25: 2 | S25: 0
A26: Vapi | B26: WTT | C26: Loom Shed | D26: 8 | E26: Dobby&Jaquard | F26: Dobby & Jacquard - Quality Checker | H26: 1 Operator / Shift | I26: 1*3 | J26: 3 | K26: Indirect | N26: 3 | O26: 0 | P26: 1 | Q26: 1 | R26: 1 | S26: 0
A27: Vapi | B27: WTT | C27: Loom Shed | D27: 9 | E27: Dobby&Jaquard | F27: Data Opt | H27: 1 Operator / Shift | I27: 1*3 | J27: 3 | K27: Indirect | N27: 3 | O27: 0 | P27: 1 | Q27: 1 | R27: 1 | S27: 0
A28: Vapi | B28: WTT | C28: Loom Shed | D28: 10 | E28: Dobby&Jaquard | F28: Production Fitter | H28: 24 Machine / Operator | I28: (181/24)*3 | J28: 22.62 | K28: Direct | N28: ='Weaving Back-Up'!F11 -> 30 | O28: 0 | P28: 10 | Q28: 10 | R28: 10 | S28: 0
A29: Vapi | B29: WTT | C29: Loom Shed | D29: 11 | E29: Dobby&Jaquard | F29: PM-Fitter | H29: Fitter in General Shift | I29: 6+6+5 | J29: 17 | K29: Indirect | N29: 17 | O29: 0 | P29: 6 | Q29: 6 | R29: 5 | S29: 0
A30: Vapi | B30: WTT | C30: Loom Shed | D30: 12 | E30: Dobby&Jaquard | F30: PM-Fitter | H30: 1 Fitter / Shift | I30: 1*3 | J30: 3 | K30: Indirect | N30: 3 | O30: 0 | P30: 1 | Q30: 1 | R30: 1 | S30: 0
A31: Vapi | B31: WTT | C31: Loom Shed | D31: 13 | E31: Dobby&Jaquard | F31: Drawer | H31: 28 Machine / Operator | I31: (181/28)*3 | J31: 19.39 | K31: Direct | N31: 21 | O31: 0 | P31: 7 | Q31: 7 | R31: 7 | S31: 0
A32: Vapi | B32: WTT | C32: Loom Shed | D32: 14 | E32: Dobby&Jaquard | F32: Quality Checker / Mender | H32: 2 Machines | I32: 3*3 | J32: 9 | K32: Indirect | N32: 9 | O32: 0 | P32: 3 | Q32: 3 | R32: 3 | S32: 0
A33: Vapi | B33: WTT | C33: Loom Shed | D33: 15 | E33: Dobby&Jaquard | F33: Housekeeping | H33: 1 Operator / Shift | I33: 1*3 | J33: 3 | K33: Indirect | N33: 3 | O33: 0 | P33: 1 | Q33: 1 | R33: 1 | S33: 0
A34: Vapi | B34: WTT | C34: Grey Folding | D34: 1 | F34: Rope Maker | G34: 7 | H34: 1 Machine / Operator | I34: 7*3 | J34: 21 | K34: Direct | N34: 21 | O34: 0 | P34: 7 | Q34: 7 | R34: 7 | S34: 0
A35: Vapi | B35: WTT | C35: Grey Folding | D35: 2 | F35: Rope Stitcher | G35: 7 | H35: 1 Machine / Operator | I35: 7*3 | J35: 21 | K35: Direct | N35: 21 | O35: 0 | P35: 7 | Q35: 7 | R35: 7 | S35: 0
A36: Vapi | B36: WTT | C36: Grey Folding | D36: 3 | F36: Crane Handling | G36: 2 | H36: 1 Crane / Operator | I36: 1*3 | J36: 3 | K36: Direct | N36: 3 | O36: 0 | P36: 1 | Q36: 1 | R36: 1 | S36: 0
A37: Vapi | B37: WTT | C37: Grey Folding | D37: 4 | F37: Inspection Machine | G37: 1 | H37: 1 Machine / Operator | I37: 1*3 | J37: 3 | K37: Direct | N37: 3 | O37: 0 | P37: 1 | Q37: 1 | R37: 1 | S37: 0
A38: Vapi | B38: WTT | C38: Grey Folding | D38: 5 | F38: Material Handler | H38: 3 Handler / Shift | I38: 3*3 | J38: 9 | K38: Indirect | N38: 9 | O38: 0 | P38: 3 | Q38: 3 | R38: 3 | S38: 0
A39: Vapi | B39: WTT | C39: Grey Folding | D39: 6 | F39: Driver | G39: 1 | H39: 1 Machine / Operator | I39: 1*3 | J39: 3 | K39: Direct | N39: 3 | O39: 0 | P39: 1 | Q39: 1 | R39: 1 | S39: 0
A40: Vapi | B40: WTT | C40: Grey Folding | D40: 7 | F40: MIS & Floor Coordinator | H40: 1 Operator / Shift | I40: 1*3 | J40: 3 | K40: Indirect | N40: 3 | O40: 0 | P40: 1 | Q40: 1 | R40: 1 | S40: 0
A41: Vapi | B41: WTT | C41: Grey Folding | D41: 8 | F41: Fitter G | H41: 1 Jobber / Shift | I41: 1*3 | J41: 3 | K41: Indirect | N41: 3 | O41: 0 | P41: 1 | Q41: 1 | R41: 1 | S41: 0
A42: Vapi | B42: WTT | C42: Grey Folding | D42: 9 | F42: Jobber G | H42: 1 Jobber / Shift | I42: 1*3 | J42: 3 | K42: Indirect | N42: 3 | O42: 0 | P42: 1 | Q42: 1 | R42: 1 | S42: 0
A43: Vapi | B43: WTT | C43: Grey Folding | D43: 10 | F43: Material Handler, House Keeping | H43: 2 MH & HK / Shift | I43: 2*3 | J43: 6 | K43: Indirect | N43: 6 | O43: 0 | P43: 2 | Q43: 2 | R43: 2 | S43: 0
A44: Vapi | B44: WTT | C44: Grey Folding | D44: 11 | F44: Loading & Unloading Contractor | I44: 8*3 | J44: 24 | K44: Indirect | N44: 24 | O44: 0 | P44: 8 | Q44: 8 | R44: 8 | S44: 0
A45: Vapi | B45: WTT | C45: Processing-Fabric Dyeing | D45: 1 | E45: Fabric Dyeing | F45: Auto Dispensing | G45: 1 | H45: 1 Operator / Shift | I45: 1*3 | J45: 3 | K45: Indirect | N45: 3 | O45: 0 | P45: 1 | Q45: 1 | R45: 1 | S45: 0
A46: Vapi | B46: WTT | C46: Processing-Fabric Dyeing | D46: 2 | E46: Fabric Dyeing | F46: Colour Kitchen Operator prcs | G46: 2 | H46: 2 Operator / Shift | I46: 2*3 | J46: 6 | K46: Indirect | N46: 6 | O46: 0 | P46: 2 | Q46: 2 | R46: 2 | S46: 0
A47: Vapi | B47: WTT | C47: Processing-Fabric Dyeing | D47: 3 | E47: Fabric Dyeing | F47: Fabric Dyeing Operator | G47: 37 | H47: 2 Machine / Operator | I47: ROUNDUP(37/2,0)*3 | J47: 57 | K47: Direct | N47: 57 | O47: 0 | P47: 19 | Q47: 19 | R47: 19 | S47: 0 | T47: Number of MC will change depends on MT/Month
A48: Vapi | B48: WTT | C48: Processing-Fabric Dyeing | D48: 4 | E48: Fabric Dyeing | F48: Assistant F/Dyeing Operator | J48: 0 | K48: Indirect | N48: 0 | O48: 0 | P48: 0 | Q48: 0 | R48: 0 | S48: 0
A49: Vapi | B49: WTT | C49: Processing-Fabric Dyeing | D49: 5 | E49: Fabric Dyeing | F49: Fabric Fitter | H49: 1 Operator / Shift | I49: 1*3 | J49: 3 | K49: Indirect | N49: 3 | O49: 0 | P49: 1 | Q49: 1 | R49: 1 | S49: 0
A50: Vapi | B50: WTT | C50: Processing-Fabric Dyeing | D50: 6 | E50: Fabric Dyeing | F50: F.Dyeing Jobber | H50: 2 Jobber / Shift | I50: 2*3 | J50: 6 | K50: Indirect | N50: 6 | O50: 0 | P50: 2 | Q50: 2 | R50: 2 | S50: 0
A51: Vapi | B51: WTT | C51: Processing-Fabric Dyeing | D51: 7 | E51: Fabric Dyeing | F51: Down gread | H51: 1 Operator / Shift | I51: 1*3 | J51: 3 | K51: Indirect | N51: 3 | O51: 0 | P51: 1 | Q51: 1 | R51: 1 | S51: 0
A52: Vapi | B52: WTT | C52: Processing-Fabric Dyeing | D52: 8 | E52: Fabric Dyeing | F52: Shade Cont. Std | H52: 1 Operator / Shift | I52: 1*3 | J52: 3 | K52: Indirect | N52: 3 | O52: 0 | P52: 1 | Q52: 1 | R52: 1 | S52: 0
A53: Vapi | B53: WTT | C53: Processing-Fabric Dyeing | D53: 9 | E53: Fabric Dyeing | F53: Data Opt. Fabric | H53: 1 Operator / Shift | I53: 1*3 | J53: 3 | K53: Indirect | N53: 3 | O53: 0 | P53: 1 | Q53: 1 | R53: 1 | S53: 0
A54: Vapi | B54: WTT | C54: Sample Dyeing | D54: 10 | E54: Sample Dyeing | F54: S. Dying Jobber | H54: 1 Operator / Shift | I54: 1*3 | J54: 3 | K54: Indirect | N54: 3 | O54: 0 | P54: 1 | Q54: 1 | R54: 1 | S54: 0
A55: Vapi | B55: WTT | C55: Sample Dyeing | D55: 11 | E55: Sample Dyeing | F55: Sample Dyeing Operator | G55: 16 | H55: 3 machine / Operator | I55: ROUNDDOWN(16/3,0)*3 | J55: 15 | K55: Direct | N55: 15 | O55: 0 | P55: 5 | Q55: 5 | R55: 5 | S55: 0
A56: Vapi | B56: WTT | C56: Sample Dyeing | D56: 12 | E56: Sample Dyeing | F56: Sample Dyeing Asst. Operator | H56: 1 Operator / Shift | I56: 1*3 | J56: 3 | K56: Indirect | N56: 3 | O56: 0 | P56: 1 | Q56: 1 | R56: 1 | S56: 0
A57: Vapi | B57: WTT | C57: Processing - Store | D57: 13 | E57: Chemical Store | F57: Do (Dyes & chemical posting) | H57: 1 Operator / Shift | I57: 1*3 | J57: 3 | K57: Indirect | N57: 3 | O57: 0 | P57: 1 | Q57: 1 | R57: 1 | S57: 0
A58: Vapi | B58: WTT | C58: Processing - Store | D58: 14 | E58: Chemical Store | F58: Sub store for manual chemical | H58: 1 Operator / Shift | I58: 1*3 | J58: 3 | K58: Indirect | N58: 3 | O58: 0 | P58: 1 | Q58: 1 | R58: 1 | S58: 0
A59: Vapi | B59: WTT | C59: Processing - Store | D59: 15 | E59: Chemical Store | F59: Material issue from main store | H59: 1 Operator / Shift | I59: 1*3 | J59: 3 | K59: Indirect | N59: 2 | O59: 0 | P59: 1 | Q59: 1 | R59: 0 | S59: 0 | T59: Req. 3, given 2 (no 3rd shift,store close at 11)
A60: Vapi | B60: WTT | C60: Processing-Shearing | D60: 16 | E60: Shearing | F60: sh Jobber | H60: 1 Operator / Shift | I60: 1*3 | J60: 3 | K60: Indirect | N60: 3 | O60: 0 | P60: 1 | Q60: 1 | R60: 1 | S60: 0
A61: Vapi | B61: WTT | C61: Processing-Shearing | D61: 17 | E61: Shearing | F61: Shearing Operator | G61: 6 | H61: 1.5 Operator / MC | I61: (6*1.5)*3 | J61: 27 | K61: Direct | N61: 30 | O61: 0 | P61: 10 | Q61: 10 | R61: 10 | S61: 0 | T61: Req. 27, given 30
A62: Vapi | B62: WTT | C62: Processing-Shearing | D62: 18 | E62: Shearing | F62: Stitcher S | H62: 2 Operator / Shift | I62: 2*3 | J62: 6 | K62: Indirect | N62: 6 | O62: 0 | P62: 2 | Q62: 2 | R62: 2 | S62: 0
A63: Vapi | B63: WTT | C63: Drying | D63: 1 | E63: Stenter | F63: st Jobber | H63: 1 Jobber / Shift | I63: 1*3 | J63: 3 | K63: Indirect | N63: 3 | O63: 0 | P63: 1 | Q63: 1 | R63: 1 | S63: 0
A64: Vapi | B64: WTT | C64: Drying | D64: 2 | E64: Stenter | F64: Data Opt. ST | H64: 1 Operator / Shift | I64: 1*3 | J64: 3 | K64: Indirect | N64: 3 | O64: 0 | P64: 1 | Q64: 1 | R64: 1 | S64: 0
A65: Vapi | B65: WTT | C65: Drying | D65: 3 | E65: Stenter | F65: Padder Operator | G65: 5 | H65: 1 Machine /operator | I65: (5+4+4)*1 | J65: 13 | K65: Direct | N65: 13 | O65: 0 | P65: 5 | Q65: 4 | R65: 4 | S65: 0
A66: Vapi | B66: WTT | C66: Drying | D66: 4 | E66: Stenter | F66: Biancalanni | G66: 5 | H66: 2 Machine /operator | I66: (5+4+4)*2 | J66: 26 | K66: Direct | N66: 26 | O66: 0 | P66: 10 | Q66: 8 | R66: 8 | S66: 0 | T66: Based on 2 operator per machine
A67: Vapi | B67: WTT | C67: Drying | D67: 5 | E67: Stenter | F67: Stenter Operator | G67: 5 | H67: 1 Machine /operator | I67: (5+4+4)*1 | J67: 13 | K67: Direct | N67: 13 | O67: 0 | P67: 5 | Q67: 4 | R67: 4 | S67: 0
A68: Vapi | B68: WTT | C68: Drying | D68: 6 | E68: Stenter | F68: Softner Dispenser | H68: 1 Operator / Shift | I68: 1*3 | J68: 3 | K68: Indirect | N68: 3 | O68: 0 | P68: 1 | Q68: 1 | R68: 1 | S68: 0
A69: Vapi | B69: WTT | C69: Drying | D69: 7 | E69: Stenter | F69: MM Dryer & Hydro Extractor | H69: 1 Operator / Shift | I69: 1*3 | J69: 3 | K69: Indirect | N69: 3 | O69: 0 | P69: 1 | Q69: 1 | R69: 1 | S69: 0
A70: Vapi | B70: WTT | C70: Drying | D70: 8 | E70: Stenter | F70: Tow Truck Driver | G70: 2 | H70: 1 Driver / Machine | I70: 2*3 | J70: 6 | K70: Direct | N70: 6 | O70: 0 | P70: 2 | Q70: 2 | R70: 2 | S70: 0
A71: Vapi | B71: WTT | C71: Drying | D71: 9 | E71: Stenter | F71: Table Clearance Activity | H71: 2 Operator / Shift | I71: 2*3 | J71: 6 | K71: Indirect | N71: 6 | O71: 0 | P71: 2 | Q71: 2 | R71: 2 | S71: 0
A72: Vapi | B72: WTT | C72: Drying | D72: 1 | E72: Stenter | F72: st Jobber | H72: 1 Jobber / Shift | I72: 1*3 | J72: 3 | K72: Indirect | N72: 3 | O72: 0 | P72: 1 | Q72: 1 | R72: 1 | S72: 0
A73: Vapi | B73: WTT | C73: Drying | D73: 2 | E73: Stenter | F73: Data Opt. ST | H73: 1 Operator / Shift | I73: 1*3 | J73: 3 | K73: Indirect | N73: 3 | O73: 0 | P73: 1 | Q73: 1 | R73: 1 | S73: 0
A74: Vapi | B74: WTT | C74: Drying | D74: 3 | E74: Stenter | F74: Padder Operator | G74: 5 | H74: 1 Machine /operator | I74: (5+4+4)*1 | J74: 13 | K74: Direct | N74: 13 | O74: 0 | P74: =Stenter!G18 -> 5 | Q74: =Stenter!H18 -> 4 | R74: =Stenter!I18 -> 4 | S74: 0
A75: Vapi | B75: WTT | C75: Drying | D75: 4 | E75: Stenter | F75: Biancalanni | G75: 5 | H75: 2 Machine /operator | I75: (5+4+4)*2 | J75: 26 | K75: Direct | N75: 26 | O75: 0 | P75: =Stenter!G19 -> 10 | Q75: =Stenter!H19 -> 8 | R75: =Stenter!I19 -> 8 | S75: 0 | T75: Based on 2 operator per machine
A76: Vapi | B76: WTT | C76: Drying | D76: 5 | E76: Stenter | F76: Stenter Operator | G76: 5 | H76: 1 Machine /operator | I76: (5+4+4)*1 | J76: 13 | K76: Direct | N76: 13 | O76: 0 | P76: =Stenter!G20 -> 5 | Q76: =Stenter!H20 -> 4 | R76: =Stenter!I20 -> 4 | S76: 0
A77: Vapi | B77: WTT | C77: Drying | D77: 6 | E77: Stenter | F77: Softner Dispenser | H77: 1 Operator / Shift | I77: 1*3 | J77: 3 | K77: Indirect | N77: 3 | O77: 0 | P77: 1 | Q77: 1 | R77: 1 | S77: 0
A78: Vapi | B78: WTT | C78: Drying | D78: 7 | E78: Stenter | F78: MM Dryer & Hydro Extractor | H78: 1 Operator / Shift | I78: 1*3 | J78: 3 | K78: Indirect | N78: 3 | O78: 0 | P78: 1 | Q78: 1 | R78: 1 | S78: 0
A79: Vapi | B79: WTT | C79: Drying | D79: 8 | E79: Stenter | F79: Tow Truck Driver | G79: 2 | H79: 1 Driver / Machine | I79: 2*3 | J79: 6 | K79: Direct | N79: 6 | O79: 0 | P79: 2 | Q79: 2 | R79: 2 | S79: 0
A80: Vapi | B80: WTT | C80: Drying | D80: 9 | E80: Stenter | F80: Table Clearance Activity | H80: 2 Operator / Shift | I80: 2*3 | J80: 6 | K80: Indirect | N80: 6 | O80: 0 | P80: 2 | Q80: 2 | R80: 2 | S80: 0
A81: Vapi | B81: WTT | C81: Processing-Laboratory | D81: 1 | E81: Laboratory | F81: Lab Technician PCS | H81: 4 Operator / Shift | I81: 4*3 | J81: 12 | K81: Indirect | N81: 12 | O81: 0 | P81: 4 | Q81: 4 | R81: 4 | S81: 0
A82: Vapi | B82: WTT | C82: Processing-Laboratory | D82: 2 | E82: Laboratory | F82: MIS & Floor Coordinator Lab PCS | H82: 1 Operator / Shift | I82: 1*3 | J82: 3 | K82: Indirect | N82: 3 | O82: 0 | P82: 1 | Q82: 1 | R82: 1 | S82: 0
A83: Vapi | B83: WTT | C83: Processing-Laboratory | D83: 3 | E83: Laboratory | F83: Contractor | H83: 6 Operator / Shift | I83: 6*3 | J83: 18 | K83: Indirect | N83: 18 | O83: 0 | P83: 6 | Q83: 6 | R83: 6 | S83: 0
A84: Vapi | B84: WTT | C84: Winding | D84: 1 | E84: Winding | F84: Fitter wind. | H84: 1 Fitter / Shift | I84: 1*2 | J84: 2 | K84: Indirect | N84: 2 | O84: 0 | P84: 1 | Q84: 1 | R84: 0 | S84: 0
A85: Vapi | B85: WTT | C85: Winding | D85: 2 | E85: Winding | F85: Jobber W/D | H85: 1 Jobber / Shift | I85: 1*3 | J85: 3 | K85: Indirect | N85: 3 | O85: 0 | P85: 1 | Q85: 1 | R85: 1 | S85: 0
A86: Vapi | B86: WTT | C86: Winding | D86: 3 | E86: Winding | F86: Material Handler wind | H86: 2 Handler / Shift | I86: 2*3 | J86: 6 | K86: Indirect | N86: 6 | O86: 0 | P86: 2 | Q86: 2 | R86: 2 | S86: 0
A87: Vapi | B87: WTT | C87: Winding | D87: 4 | E87: Winding | F87: Quality Checker wind | H87: 3 Operator / Shift | I87: 3*3 | J87: 9 | K87: Indirect | N87: 9 | O87: 0 | P87: 3 | Q87: 3 | R87: 3 | S87: 0
A88: Vapi | B88: WTT | C88: Winding | D88: 5 | E88: Winding | F88: Winder / S winding / C winding | G88: 24 | H88: 1 Machine / Operator | I88: 24*3 | J88: 72 | K88: Direct | N88: 72 | O88: 0 | P88: 24 | Q88: 24 | R88: 24 | S88: 0
A89: Vapi | B89: WTT | C89: Yarn Dyeing | D89: 6 | E89: Kniting | F89: Knitting Operator yn | H89: 1 Operator / Shift | I89: 1*3 | J89: 3 | K89: Indirect | N89: 3 | O89: 0 | P89: 1 | Q89: 1 | R89: 1 | S89: 0
A90: Vapi | B90: WTT | C90: Yarn Dyeing | D90: 7 | E90: Kniting | F90: MIS & Floor Coordinator Yarn | H90: 1 Operator / Shift | I90: 1*1 | J90: 1 | K90: Indirect | N90: 1 | O90: 1 | P90: 0 | Q90: 0 | R90: 0 | S90: 0
A91: Vapi | B91: WTT | C91: Yarn Dyeing | D91: 8 | E91: Kniting | F91: Hydro Extractor | H91: 2 Operator / shift | I91: 2*3 | J91: 6 | K91: Indirect | N91: 6 | O91: 0 | P91: 2 | Q91: 2 | R91: 2 | S91: 0
A92: Vapi | B92: WTT | C92: Yarn Dyeing | D92: 9 | E92: RF Dryer | F92: RF Dryer Operator | G92: 3 | H92: 1 Machine / Operator | I92: 3*3 | J92: 9 | K92: Direct | N92: 9 | O92: 0 | P92: 3 | Q92: 3 | R92: 3 | S92: 0
A93: Vapi | B93: WTT | C93: Yarn Dyeing | D93: 10 | E93: RF Dryer | F93: Y/D Loading Operator | H93: 4 Operator / Shift | I93: 4*3 | J93: 12 | K93: Indirect | N93: 12 | O93: 0 | P93: 4 | Q93: 4 | R93: 4 | S93: 0
A94: Vapi | B94: WTT | C94: Yarn Dyeing | D94: 11 | E94: Yarn Dyeing | F94: Y/D Operator | G94: 15 | H94: 3 Machine / Operator | I94: (15/3)*3 | J94: 15 | K94: Direct | N94: 15 | O94: 0 | P94: 5 | Q94: 5 | R94: 5 | S94: 0
A95: Vapi | B95: WTT | C95: Yarn Dyeing | D95: 12 | E95: Yarn Dyeing | F95: Y/D Sample M/C Operator | H95: 2 Operator / Shift | I95: 2*3 | J95: 6 | K95: Indirect | N95: 6 | O95: 0 | P95: 2 | Q95: 2 | R95: 2 | S95: 0
A96: Vapi | B96: WTT | C96: Yarn Dyeing | D96: 13 | E96: Yarn Dyeing | F96: Contractor | H96: 4 Operator / Shift | I96: 4*3 | J96: 12 | K96: Indirect | N96: 12 | O96: 0 | P96: 4 | Q96: 4 | R96: 4 | S96: 0
A97: Vapi | B97: WTT | C97: Yarn Dyeing | D97: 14 | F97: Sample Knitting for Quality Check + Shade Continuity | H97: 1 Operator / Shift | I97: 1*3 | J97: 3 | K97: Indirect | N97: 3 | O97: 0 | P97: 1 | Q97: 1 | R97: 1 | S97: 0
A98: Vapi | B98: WTT | C98: Length Cutting 04 M/c's | D98: 1 | E98: Length Cutting 04 M/c's | F98: L,C,Data Operator | H98: 1 Operator / Shift | I98: 1*3 | J98: 3 | N98: 3 | O98: 0 | P98: 1 | Q98: 1 | R98: 1 | S98: 0
A99: Vapi | B99: WTT | C99: Length Cutting 04 M/c's | D99: 2 | E99: Length Cutting 04 M/c's | F99: L,C,Jobber | H99: 1 Operator / Shift | I99: 1*3 | J99: 3 | N99: 3 | O99: 0 | P99: 1 | Q99: 1 | R99: 1 | S99: 0
A100: Vapi | B100: WTT | C100: Length Cutting 04 M/c's | D100: 3 | E100: Length Cutting 04 M/c's | F100: Length Cutting Operator | G100: 4 | H100: 1 Machine / Operator | I100: 4*3 | J100: 12 | N100: 12 | O100: 0 | P100: 4 | Q100: 4 | R100: 4 | S100: 0 | T100: Number of MC comes from LC
...

Sheet Weaving Back-Up
A1: Details | B1: Dobby_unit1 | C1: Dobby_unit2 | D1: Jacquard_1 | E1: Jacquard_2 | F1: TOTAL
A2: Looms Distribution (Unitwise) | B2: 51 | C2: 90 | D2: 36 | E2: 4 | F2: =SUM(B2:E2) -> 181
A3: Looms/Weaver | B3: 6 | C3: 6 | D3: 6 | E3: 4
B4: =B2/B3 -> 8.5 | C4: =C2/C3 -> 15 | D4: =D2/D3 -> 6 | E4: =E2/E3 -> 1
A5: Weavers/shift | B5: =ROUND(B4,0) -> 9 | C5: 15 | D5: =D4 -> 6 | E5: 1
A6: Weaver/ Day | B6: =B5*3 -> 27 | C6: =C5*3 -> 45 | D6: =D5*3 -> 18 | E6: =E5*3 -> 3 | F6: =SUM(B6:E6) -> 93
A8: Weavers Per Reliever (No.) | B8: 5 | C8: 5 | D8: 5 | E8: 5 | F8: =SUM(B8:E8) -> 20
A9: Relievers/ Shift | B9: =ROUND((B5/B8),0.25) -> 2 | C9: =ROUND((C5/C8),0) -> 3 | D9: =ROUNDUP((D5/D8),0) -> 2 | E9: =ROUNDUP((E5/E8),0.25) -> 1 | F9: =SUM(B9:E9) -> 8
A10: Relievers/ Day | B10: =B9*3 -> 6 | C10: =C9*3 -> 9 | D10: =D9*3 -> 6 | E10: =E9*3 -> 3 | F10: =SUM(B10:E10) -> 24
A11: Production Fitter | B11: =ROUNDUP(B2/24,0)*3 -> 9 | C11: =ROUNDUP(C2/24,0)*3 -> 12 | D11: =ROUNDUP(D2/24,0)*3 -> 6 | E11: =ROUNDUP(E2/24,0)*3 -> 3 | F11: =SUM(B11:E11) -> 30
A12: Drawer | B12: =ROUNDUP(B2/28,0)*3 -> 6 | C12: =ROUNDUP(C2/28,0)*3 -> 12 | D12: =ROUNDUP(D2/28,0)*3 -> 6 | E12: =ROUNDUP(E2/28,0)*3 -> 3 | F12: =SUM(B12:E12) -> 27

Sheet Stenter
A1: Dynamic Shift Planning Based on MT / Day
A3: Required Production / Day (MT) | B3: 85 | D3: Change only yellow input cells
A4: Capacity / Machine / Shift (MT) | B4: 7
A5: Available Machines | B5: 5
A6: Required Machine-Shifts / Day | B6: =ROUNDUP(B3/B4,0) -> 13
A7: Base Machines / Shift | B7: =ROUNDDOWN(B6/3,0) -> 4
A8: Remainder Machine-Shifts | B8: =MOD(B6,3) -> 1
A10: Shift | B10: Machines Planned | C10: Capacity / Machine / Shift | D10: Production (MT)
A11: 1st Shift | B11: =MIN($B$5,$B$7+IF(1<=$B$8,1,0)) -> 5 | C11: =$B$4 -> 7 | D11: =B11*C11 -> 35
A12: 2nd Shift | B12: =MIN($B$5,$B$7+IF(2<=$B$8,1,0)) -> 4 | C12: =$B$4 -> 7 | D12: =B12*C12 -> 28
A13: 3rd Shift | B13: =MIN($B$5,$B$7+IF(3<=$B$8,1,0)) -> 4 | C13: =$B$4 -> 7 | D13: =B13*C13 -> 28
A14: Total | B14: =SUM(B11:B13) -> 13 | D14: =SUM(D11:D13) -> 91
A17: Designation | B17: Workload | C17: Formula Logic | D17: HO_Scientific_Manpower | E17: HO_Final_Manpower | F17: General_Shift | G17: Shift_A | H17: Shift_B | I17: Shift_C | J17: Reliever
A18: Padder Operator | B18: 1 Machine / Operator | C18: =B11+B12+B13 -> 13 | D18: =D18 | E18: =E18 | F18: 0 | G18: =B11*1 -> 5 | H18: =B12*1 -> 4 | I18: =B13*1 -> 4 | J18: 0
A19: Biancalanni | B19: 2 Operator / Machine | C19: =(B11*2)+(B12*2)+(B13*2) -> 26 | D19: =D19 | E19: =E19 | F19: 0 | G19: =B11*2 -> 10 | H19: =B12*2 -> 8 | I19: =B13*2 -> 8 | J19: 0
A20: Stenter Operator | B20: 1 Machine / Operator | C20: =B11+B12+B13 -> 13 | D20: =D20 | E20: =E20 | F20: 0 | G20: =B11*1 -> 5 | H20: =B12*1 -> 4 | I20: =B13*1 -> 4 | J20: 0
A23: How it works
A24: 1. Required machine-shifts = Required MT / Capacity per Machine per Shift
A25: 2. Machine-shifts are distributed across 3 shifts as evenly as possible
A26: 3. Extra machine-shifts are assigned from 1st shift onward
A27: 4. Operator manpower is then derived from shift-wise machine allocation
